{
	"name": "boilerplate",
	"title": "jQuery Boilerplate",
	"description": "A jump-start for jQuery plugins development.",
	"keywords": [
		"jquery",
		"boilerplate",
		"plugins"
	],
	"version": "3.4.0",
	"author": {
		"name": "Zeno Rocha",
		"email": "zno.rocha@gmail.com",
		"url": "https://github.com/zenorocha"
	},
	"maintainers": [
		{
			"name": "Zeno Rocha",
			"email": "zno.rocha@gmail.com",
			"url": "https://github.com/zenorocha"
		},
		{
			"name": "Addy Osmani",
			"email": "addyosmani@gmail.com",
			"url": "https://github.com/addyosmani"
		},
		{
			"name": "Helder Santana",
			"email": "heldr@me.com",
			"url": "https://github.com/heldr"
		}
	],
	"licenses": [
		{
			"type": "MIT",
			"url": "http://zenorocha.mit-license.org/"
		}
	],
	"bugs": "https://github.com/jquery-boilerplate/boilerplate/issues",
	"homepage": "http://jqueryboilerplate.com",
	"docs": "https://github.com/jquery-boilerplate/boilerplate#readme",
	"download": "https://github.com/jquery-boilerplate/boilerplate/archive/master.zip",
	"dependencies": {
		"jquery": ">=1.4"
	}
}
